{
  "scrivai/exceptions.py": 1776434863.3296998,
  "scrivai/__init__.py": 1776504844.5458293,
  "scrivai/trajectory/__init__.py": 1776359075.193882,
  "scrivai/trajectory/hooks.py": 1776392056.208879,
  "scrivai/trajectory/schema.py": 1776359075.193882,
  "scrivai/trajectory/store.py": 1776392056.208879,
  "scrivai/testing/contract.py": 1776400586.873213,
  "scrivai/testing/mock_pes.py": 1776392056.208879,
  "scrivai/testing/__init__.py": 1776392056.208879,
  "scrivai/testing/tmp_workspace.py": 1776359075.193882,
  "scrivai/testing/fake_trajectory.py": 1776392056.208879,
  "scrivai/models/workspace.py": 1776342683.6124942,
  "scrivai/models/evolution.py": 1776490050.7798193,
  "scrivai/models/trajectory.py": 1776342683.6124942,
  "scrivai/models/__init__.py": 1776490050.7798193,
  "scrivai/models/knowledge.py": 1776342683.6124942,
  "scrivai/models/pes.py": 1776392056.208879,
  "scrivai/agents/extractor.py": 1776441468.0561688,
  "scrivai/agents/__init__.py": 1776441468.0561688,
  "scrivai/agents/generator.py": 1776441468.0561688,
  "scrivai/agents/auditor.py": 1776441468.0561688,
  "scrivai/pes/llm_client.py": 1776490050.7798193,
  "scrivai/pes/base.py": 1776441468.0601685,
  "scrivai/pes/config.py": 1776342683.6124942,
  "scrivai/pes/__init__.py": 1776392056.208879,
  "scrivai/pes/hooks.py": 1776359075.193882,
  "scrivai/pes/phase_log.py": 1776392056.208879,
  "scrivai/cli/__main__.py": 1776400586.873213,
  "scrivai/cli/trajectory_cmd.py": 1776400586.873213,
  "scrivai/cli/workspace_cmd.py": 1776400586.873213,
  "scrivai/cli/__init__.py": 1776400586.873213,
  "scrivai/cli/io_cmd.py": 1776400586.873213,
  "scrivai/cli/library.py": 1776400586.873213,
  "scrivai/workspace/manager.py": 1776359075.2218823,
  "scrivai/workspace/__init__.py": 1776359075.193882,
  "scrivai/io/render.py": 1776400586.873213,
  "scrivai/io/__init__.py": 1776400586.873213,
  "scrivai/io/convert.py": 1776400586.873213,
  "scrivai/evolution/runner.py": 1776490050.7798193,
  "scrivai/evolution/budget.py": 1776490050.7798193,
  "scrivai/evolution/promote.py": 1776490050.7798193,
  "scrivai/evolution/trigger.py": 1776490050.7798193,
  "scrivai/evolution/__init__.py": 1776490050.7798193,
  "scrivai/evolution/schema.py": 1776490050.7798193,
  "scrivai/evolution/proposer.py": 1776504844.5458293,
  "scrivai/evolution/evaluator.py": 1776490050.7798193,
  "scrivai/evolution/store.py": 1776490050.7798193,
  "scrivai/knowledge/templates.py": 1776400586.873213,
  "scrivai/knowledge/base.py": 1776400586.873213,
  "scrivai/knowledge/__init__.py": 1776400586.873213,
  "scrivai/knowledge/rules.py": 1776400586.873213,
  "scrivai/knowledge/cases.py": 1776400586.873213,
  "scrivai/knowledge/factory.py": 1776400586.873213,
  "tests/__init__.py": 1773994476.284932,
  "tests/conftest.py": 1776342683.6124942,
  "tests/fixtures/m2_evolution/seed_feedback.py": 1776490050.7918193,
  "tests/fixtures/m2_evolution/__init__.py": 1776490050.7878194,
  "tests/integration/test_m1_end_to_end.py": 1776465260.8684585,
  "tests/integration/test_m2_evolution_cycle.py": 1776490050.7918193,
  "tests/integration/__init__.py": 1773994476.284932,
  "tests/unit/test_version.py": 1776504844.5458293,
  "tests/unit/__init__.py": 1773994476.2809317,
  "tests/unit/test_proposer_json.py": 1776504844.5458293,
  "tests/contract/test_trajectory_store.py": 1776392056.208879,
  "tests/contract/test_auditor_pes.py": 1776441468.0601685,
  "tests/contract/test_evolution_trigger.py": 1776490050.7838194,
  "tests/contract/test_io_smoke.py": 1776444797.5671833,
  "tests/contract/test_evolution_store.py": 1776490050.7838194,
  "tests/contract/test_testing_helpers.py": 1776392056.208879,
  "tests/contract/test_llm_client.py": 1776441468.0601685,
  "tests/contract/test_qmd_contract.py": 1776400586.873213,
  "tests/contract/test_hooks.py": 1776359075.2218823,
  "tests/contract/test_libraries.py": 1776444797.5671833,
  "tests/contract/test_mock_pes.py": 1776392056.208879,
  "tests/contract/test_pes_config.py": 1776342683.6124942,
  "tests/contract/test_trajectory_hook.py": 1776392056.208879,
  "tests/contract/test_phase_file_contract.py": 1776434863.3296998,
  "tests/contract/test_evolution_runner.py": 1776490050.7838194,
  "tests/contract/__init__.py": 1776342683.6124942,
  "tests/contract/test_evolution_budget.py": 1776490050.7798193,
  "tests/contract/test_cli.py": 1776400586.873213,
  "tests/contract/test_evolution_models.py": 1776490050.7798193,
  "tests/contract/test_base_pes.py": 1776392056.208879,
  "tests/contract/test_models.py": 1776490050.7838194,
  "tests/contract/test_agent_profiles.py": 1776400586.873213,
  "tests/contract/test_public_api.py": 1776490050.7878194,
  "tests/contract/test_base_pes_sdk.py": 1776434863.3296998,
  "tests/contract/test_reexport.py": 1776342683.6124942,
  "tests/contract/test_workspace.py": 1776359075.2298825,
  "tests/contract/test_extractor_pes.py": 1776441468.0601685,
  "tests/contract/test_generator_pes.py": 1776441468.0601685,
  "tests/contract/test_evolution_proposer.py": 1776490050.7838194,
  "tests/contract/test_evolution_promote.py": 1776490050.7798193,
  "tests/contract/conftest.py": 1776342683.6124942,
  "tests/contract/test_skill_isolation.py": 1776400586.873213,
  "tests/contract/test_evolution_evaluator.py": 1776490050.7798193,
  "tests/e2e/__init__.py": 1773994476.2809317,
  "examples/03_evolve_skill_workflow.py": 1776504844.5458293,
  "examples/01_audit_single_doc.py": 1776504844.5458293,
  "examples/02_generate_with_revision.py": 1776504844.5458293,
  "examples/data/simple_template.py": 1776504844.5458293,
  "examples/data/seed_demo_feedback.py": 1776504844.5458293,
  "docs/TD.md": 1776490050.7798193,
  "docs/design.md": 1776490050.7798193,
  "docs/superpowers/specs/2026-04-16-scrivai-m0.5-design.md": 1776389538.836535,
  "docs/superpowers/specs/2026-04-16-scrivai-m0-design.md": 1776342683.6124942,
  "docs/superpowers/specs/2026-04-17-scrivai-m2-design.md": 1776472360.3139277,
  "docs/superpowers/specs/2026-04-16-scrivai-m0.75-design.md": 1776394021.556713,
  "docs/superpowers/specs/2026-04-17-scrivai-m1.0-design.md": 1776403147.274055,
  "docs/superpowers/specs/2026-04-17-scrivai-m1.5-design.md": 1776437764.673865,
  "docs/superpowers/specs/2026-04-16-scrivai-m0.25-design.md": 1776359075.189882,
  "docs/superpowers/plans/2026-04-16-scrivai-m0.75.md": 1776394976.9563062,
  "docs/superpowers/plans/2026-04-17-scrivai-m1.5a.md": 1776438481.2216735,
  "docs/superpowers/plans/2026-04-16-scrivai-m0.25.md": 1776359075.189882,
  "docs/superpowers/plans/2026-04-16-scrivai-m0.5.md": 1776390366.9254477,
  "docs/superpowers/plans/2026-04-17-scrivai-m2.md": 1776472912.9147704,
  "docs/superpowers/plans/2026-04-18-scrivai-m3a.md": 1776504844.5458293,
  "docs/superpowers/plans/2026-04-17-scrivai-m1.0.md": 1776403763.2124195,
  "docs/superpowers/plans/2026-04-17-scrivai-m1.5b.md": 1776443349.2361445,
  "docs/superpowers/plans/2026-04-17-scrivai-m1.5c.md": 1776445510.290324,
  "docs/superpowers/plans/2026-04-16-scrivai-m0.md": 1776342683.6124942,
  "tests/graphify-out/converted/table_sample_7312059a.md": 1776565017.175656,
  "tests/fixtures/io_samples/README.md": 1776444797.5671833,
  "tests/graphify-out/converted/loop_template_9ad536ca.md": 1776565017.1836562,
  "tests/fixtures/m1_e2e/README.md": 1776465260.8684585,
  "tests/graphify-out/converted/workpaper_template_a119f37f.md": 1776565017.1876562,
  "tests/fixtures/m1_e2e/substation_guide.md": 1776465260.8684585,
  "tests/fixtures/m2_evolution/README.md": 1776490050.7878194,
  "tests/fixtures/knowledge/cases.md": 1773994282.1118848,
  "tests/fixtures/knowledge/rules.md": 1773994282.1118848,
  "tests/outputs/integration/m1_e2e_20260418_010708.md": 1776489430.601168,
  "tests/outputs/integration/m2_evolution_20260418T042946Z.md": 1776486586.7219079,
  "tests/outputs/integration/m2_evolution_20260418T043744Z.md": 1776487064.6241744,